{
    "amount": 1000.3247514749131,
    "held_curr": "tkn",
    "tkn_val": 2217.8,
    "eth_equivalent": 0.451043715156873,
    "max_profit": 1000.1,
    "max_loss": 999.9
}