{
    "amount": 1001.0849279735415,
    "held_curr": "tkn",
    "tkn_val": 2372.26,
    "eth_equivalent": 0.4219962938183595,
    "max_profit": 1001,
    "max_loss": 999
}