{
    "amount": 1000.1502897389947,
    "init_amt": 1000,
    "held_curr": "liq",
    "tkn_val": 2195.13,
    "eth_equivalent": 0.45562235026581327,
    "max_profit": 1000.5,
    "max_loss": 999.5
}